是否為認證項目,姓名,工號,分類,項目,子項目,功能說明,是否具備,廠商或工程師認證
,,,系統,MES CENTER WEB REPORT,A3自動化By Pass設定, 設定單一機台並使用特定批號進行關閉比對動作,,
,,,系統,MES CENTER WEB REPORT,Automation Control ,設定單一機台關閉比對,,
,,,系統,MES CENTER WEB REPORT,A3 Lot Basic Info Query,查詢批號基本訊息(確認ZO23A),,
,,,系統,MES CENTER WEB REPORT,EIG Log Monitor,可查詢各site各站過帳訊息,,
,,,系統,MES CENTER WEB REPORT,Rule Config Query,主查詢限定機台,,
,,,系統,MES CENTER WEB REPORT,A3最小合理過帳時間維護,可設定站點特定條件出帳時間管控,,
,,,系統,MES CENTER WEB REPORT,A3單顆基板Boat顆數設定,可設定產品在Boat上作業資訊,,
,,,系統,MES CENTER WEB REPORT,Configuration,設定新進/轉調人員使用權限,,
,,,系統,MES CENTER WEB REPORT,EMS-機台主檔維護 ,可檢視各站機台資產,,
,,,系統,MES CENTER WEB REPORT,FC排貨系統 ,可檢視各站排貨看板(3400),,
,,,系統,MES CENTER WEB REPORT,RMS-A3 RMS Query By Schedule ,可檢視批號設定各站參數,,
,,,系統,MES CENTER WEB REPORT,aEDC-A3 aEDC待完成表單查詢,可檢視批號有無尚未結單的EDC表單,,
,,,系統,MES CENTER WEB REPORT,ME Repair Histroy Query,查詢機台簽修機時間與人員,,
,,,系統,MES CENTER WEB REPORT,機台Sch明細表,確認機台是否有設定限定機檯作業,,
,,,系統,MES CENTER WEB REPORT,A3 Personal Output Analysis  Report,檢視當班作業當站作業數量(產線常用),,
,,,系統,MES CENTER WEB REPORT,Schedule Track-in/out Query,查詢特定日期當站作業數量,,
,,,系統,MES CENTER WEB REPORT,aTrack  Center ,確認批號作業相關站點有無記錄到aTrack data,,
,,,系統,I-CAT、載具管理、SFiS、Tooling,OP_QUALIFICATION_MAP,OP資格卡設定,,
,,,系統,I-CAT、載具管理、SFiS、Tooling,WIP_STEP_CTRL,先進先出 & 不同母批防呆設定,,
,,,系統,I-CAT、載具管理、SFiS、Tooling,ASE_ASSY_MAGAZINE_INFO,Move In/Out 確認盒號,,
,,,系統,I-CAT、載具管理、SFiS、Tooling,Mount Information Query,確認機台掛載Tooling資訊,,
,,,系統,I-CAT、載具管理、SFiS、Tooling,載具類型定義,設定載具加入新站點,,
,,,系統,I-CAT、載具管理、SFiS、Tooling,載具 歷史查詢,查詢載具歷史訊息,,
,,,系統,I-CAT、載具管理、SFiS、Tooling,SFiS,確認站點有無掛載OP工號,,
,,,系統,Web MES,ASE Assign Carrier,常用於解綁定批/料號,,
,,,系統,Web MES,ASE Move Schedule,使用批號執行過帳動作,,
,,,系統,Web MES,Magazine清洗,將未清洗 or 超過清洗時間料盒進行清洗動作,,
,,,系統,Web MES,取消執行狀態 ,將卡住狀態的批號進行release動作,,
,,,系統,Web MES,取消貨批進站,將已過帳的批號進行拉帳動作,,
,,,系統,Web MES,串聯機設定,將機台進行解/串動作,,
,,,系統,Web MES,機台修機/保養,可進行簽修機、消保養動作,,
,,,系統,Web MES,機台容量修改,可修正機台作業容量,,
,,,系統,Web MES,機台校正功能,可release機台狀態,,
,,,系統,Web MES,機台群組管理,可新增/移除機台在Automation群組,,
,,,系統,Web MES,機台作業歷史,可查詢機檯作業歷史紀錄,,
,,,系統,Web MES,貨批歷史資料,可查詢批號每站過帳紀錄,,
,,,系統,Web MES,查詢功能_路單,查詢批號整個過帳站點(Run Card),,
,,,系統,Web MES,查詢功能_WIP狀態,檢查各站點機台設定(與I-CAT連結),,
,,,系統,Web MES,其他系統_Mapping下載,下載MAP確認行列資訊,,
,,,系統,SECS,SECS List,認識常用SECS指令,,
,,,系統,SECS,Log查詢,了解查詢路徑並確認問題,,
,,,系統,SECS,2900,切換BinCode,,
,,,系統,SECS,2900,切換單機雙打,,
,,,系統,SECS,3390,如何撈取QDN Log,,
,,,系統,SECS,3400,切換F1/F3 Qty模式,,
,,,系統,SECS,4600,切換Auto Pofile開關,,
,,,系統,NON-SECS,Log查詢,了解查詢路徑並確認問題,,
,,,系統,NON-SECS,3380,如何確認爐溫曲線,,
,,,系統,NON-SECS,3380,重啟MCS順序,,
,,,系統,NON-SECS,3390,如何撈取QDN Log,,
,,,系統,獨立功能,AutoMove In-Out-新工號網站,新站點需新增人員,,
,,,系統,獨立功能,AutoMove In-Out-ByPass系統,2900作業LD略過2D卡控,,
,,,系統,獨立功能,2D ByPass Schedule新增/刪除,作業條數刪除,,
,,,系統,獨立功能,查詢Wafer UV作業資訊,查詢Wafer有無照過UV,,
,,,系統,獨立功能,查詢Wafer Map作業資訊,查詢Wafer作業資訊,,
,,,系統,獨立功能,手動解鎖確認網頁,Hold lot解鎖出帳使用,,
,,,系統,獨立功能,Dispatch中控台,中控系統查詢看板與刪除使用,,
,,,系統,獨立功能,CH小工具,多功能介面使用,,
,,,系統,獨立功能,Strip Map System,MAP資訊查詢,,
,,,系統,獨立功能,4730-JIG設定看板,查詢4730 JIG資訊,,
,,,系統,獨立功能,F1-2930-JIG設定,查詢F1-2930 JIG資訊,,
,,,系統,獨立功能,OCAP品質防護網,查詢OCAP資料,,
,,,系統,獨立功能,UV_BYPASS網頁,UV_BYPASS,,
,,,系統,獨立功能,2730PE膠材維護管理,查詢2730站點膠材,,
,,,系統,獨立功能,BDS註冊 IP 小工具,重新註冊BDS,,
,,,系統,獨立功能,CheckDB,確認批號在各站點有無紀錄Table表,,
認證項目,,,系統,獨立功能,"F1 Dietrace補檔F1_Dietrace 
(最新整合版 含 Delete Wafer)",刪除2900 atrack_F1廠,,工程師認證
認證項目,,,系統,獨立功能,F3 Dietrace補檔F3_Dietrace,刪除2900 atrack_F3廠,,工程師認證
認證項目,,,系統,獨立功能,F1 HS MultiLot (boat2d 比對查詢),2730/3600使用,,工程師認證
認證項目,,,系統,獨立功能,2845 Atrack資料刪除程式  最新版,2845站點使用,,工程師認證
,,,系統,獨立功能,刪除作業紀錄小程式,3910刪除作業紀錄,,
,,,系統,獨立功能,修改資料庫LotInfo PkgSize by PE需求產品,更改PKG小數點,,
,,,系統,Rollout,新進電腦,權限申請流程+程式,,
,,,系統,Rollout,EAP,Follow對照機更新,,
,,,系統,SR系統,Admin權限一次性申請,申請流程,,
,,,系統,SR系統,MES權限開啟 ,申請流程,,
認證項目,,,AMHS,OHT Function,E84交握狀態確認,E84訊號確認(正常流程),,盟立廠商認證
認證項目,,,AMHS,OHT Function,E84交握狀態確認,E84訊號確認(異常流程),,盟立廠商認證
認證項目,,,AMHS,OHT Function,平板操作,Foup-異常復歸流程,,盟立廠商認證
認證項目,,,AMHS,OHT Function,平板操作,Magzine-異常復歸流程,,盟立廠商認證
認證項目,,,AMHS,OHT Function,平板操作,Tray-異常復歸流程,,盟立廠商認證
認證項目,,,AMHS,OHT Function,平板操作,各軸單動操作,,盟立廠商認證
認證項目,,,AMHS,OHT Function,平板操作,E84復歸流程,,盟立廠商認證
認證項目,,,AMHS,OHT Function,OHT車,如何移動車子至保養區,,盟立廠商認證
認證項目,,,AMHS,OHT Function,OHT車,如何將OHT車上下軌道,,盟立廠商認證
認證項目,,,AMHS,OHT Function,OHT車,OHT車斷電處理方式,,盟立廠商認證
認證項目,,,AMHS,OHT Function,OHT車,OHT車區域斷電處理方式,,盟立廠商認證
認證項目,,,AMHS,OHT Function,OHT車,擋車流程,,盟立廠商認證
認證項目,,,AMHS,OHT Function,OHT程式,如何Call車至對應站點,,盟立廠商認證
認證項目,,,AMHS,OHT Function,OHT程式,如何確認OHB狀態,,盟立廠商認證
認證項目,,,AMHS,OHT Function,OHT程式,如何生成單一搬運任務,,盟立廠商認證
認證項目,,,AMHS,OHT Function,OHT程式,如何生成連續搬運任務,,盟立廠商認證
認證項目,,,AMHS,OHT Function,OHT程式,如何查詢搬運紀錄,,盟立廠商認證
認證項目,,,AMHS,OHT Function,OHT程式,如何關閉軌道使用,,盟立廠商認證
認證項目,,,AMHS,OHT Function,OHT程式,如何關閉OHB使用,,盟立廠商認證
認證項目,,,AMHS,OHT Function,OHT程式,如何確認Server運行狀況,,盟立廠商認證
認證項目,,,AMHS,OHT Function,OHT程式,交管異常復歸方式,,盟立廠商認證
認證項目,,,AMHS,OHT Function,OHT程式,搬運命令刪除方式,,盟立廠商認證
認證項目,,,AMHS,OHT Function,OHT程式,如何開關OHT車,,盟立廠商認證
認證項目,,,AMHS,OHT Function,其他,異常通報流程,,盟立廠商認證
認證項目,,,AMHS,OHT Function,其他,保養注意事項,,盟立廠商認證
,,,AMHS,AMHS看板,看板狀態確認,確認派貨條件,,
,,,AMHS,AMHS看板,看板功能使用,執行開關派貨/下料/刪帳動作,,
,,,AMHS,AMHS看板,看板功能查詢,查詢當下/歷史派貨資訊,,
,,,AMHS,AMHS看板,Log查詢,回朔交握異常Log資料,,
,,,AMHS,WIP,人機介面使用,人機操作進行異常排除,,
,,,AMHS,WIP,E84交握狀態確認,確認OHT與WIP交握狀態,,
,,,AMHS,WIP,LCS看版使用,執行下料/刪帳/命令確認動作,,
,,,AMHS,FANUC,SmartPad操作,手動操作進行異常排除,,
,,,AMHS,FANUC,SmartPad操作,執行程序復位,,
,,,AMHS,KUKA,SmartPad操作,手動操作進行異常排除,,
,,,AMHS,KUKA,SmartPad操作,執行程序復位,,
,,,AMHS,2190,E84交握狀態確認,確認OHT與機台交握狀態,,
,,,AMHS,2195,E84交握狀態確認,確認OHT與機台交握狀態,,
,,,AMHS,2340,E84交握狀態確認,確認OHT與機台交握狀態,,
,,,AMHS,2395,E84交握狀態確認,確認OHT與機台交握狀態,,
,,,AMHS,2400,E84交握狀態確認,確認OHT與機台交握狀態,,
,,,AMHS,2451,E84交握狀態確認,確認OHT與機台交握狀態,,
,,,AMHS,2490,E84交握狀態確認,確認OHT與機台交握狀態,,
,,,AMHS,2500/2501,人機介面使用,人機操作進行異常排除,,
,,,AMHS,2500/2501,E84交握狀態確認,確認OHT與機台交握狀態,,
,,,AMHS,2500/2501,廠商PC程式,執行下料/刪帳/命令確認動作,,
,,,AMHS,2715,人機介面使用,人機操作進行異常排除,,
,,,AMHS,2715,E84交握狀態確認,確認OHT與機台交握狀態,,
,,,AMHS,2715,廠商PC程式,執行下料/刪帳/命令確認動作,,
,,,AMHS,2845,E84交握狀態確認,確認OHT與機台交握狀態,,
,,,AMHS,2880/2881,E84交握狀態確認,確認OHT與機台交握狀態,,
,,,AMHS,2900,E84交握狀態確認,確認OHT與機台交握狀態,,
,,,AMHS,2945/2946,E84交握狀態確認,確認OHT與機台交握狀態,,
,,,AMHS,2951/2952,E84交握狀態確認,確認OHT與機台交握狀態,,
,,,AMHS,3000,E84交握狀態確認,確認OHT與機台交握狀態,,
,,,AMHS,3101,E84交握狀態確認,確認OHT與機台交握狀態,,
,,,AMHS,3190,E84交握狀態確認,確認OHT與機台交握狀態,,
,,,AMHS,3910,E84交握狀態確認,確認OHT與機台交握狀態,,
,,,AMHS,4075,E84交握狀態確認,確認OHT與機台交握狀態,,
,,,AMHS,4200,E84交握狀態確認,確認OHT與機台交握狀態,,
,,,AMHS,4505,E84交握狀態確認,確認OHT與機台交握狀態,,
,,,AMHS,4600,E84交握狀態確認,確認OHT與機台交握狀態,,
,,,AMHS,4610,E84交握狀態確認,確認OHT與機台交握狀態,,
,,,AMHS,5070,E84交握狀態確認,確認OHT與機台交握狀態,,
,,,AMHS,5111,E84交握狀態確認,確認OHT與機台交握狀態,,
,,,AMHS,5150,E84交握狀態確認,確認OHT與機台交握狀態,,
,,,AMHS,2730,E84交握狀態確認,確認OHT與機台交握狀態,,
,,,AMHS,2732,E84交握狀態確認,確認OHT與機台交握狀態,,
,,,AMHS,2740,E84交握狀態確認,確認OHT與機台交握狀態,,
,,,AMHS,2770,人機介面使用,人機操作進行異常排除,,
,,,AMHS,2770,E84交握狀態確認,確認OHT與機台交握狀態,,
,,,AMHS,2770,廠商PC程式,執行下料/刪帳/命令確認動作,,
,,,AMHS,2896,E84交握狀態確認,確認OHT與機台交握狀態,,
,,,AMHS,3101,E84交握狀態確認,確認OHT與機台交握狀態,,
,,,AMHS,3380,人機介面使用,人機操作進行異常排除,,
,,,AMHS,3380,E84交握狀態確認,確認OHT與機台交握狀態,,
,,,AMHS,3380,廠商PC程式,執行下料/刪帳/命令確認動作,,
,,,AMHS,3390,人機介面使用,人機操作進行異常排除,,
,,,AMHS,3390,E84交握狀態確認,確認OHT與機台交握狀態,,
,,,AMHS,3390,廠商PC程式,執行下料/刪帳/命令確認動作,,
,,,AMHS,3400,人機介面使用,人機操作進行異常排除,,
,,,AMHS,3400,E84交握狀態確認,確認OHT與機台交握狀態,,
,,,AMHS,3400,ASE PC程式,執行下料/刪帳/命令確認動作,,
,,,AMHS,3418,人機介面使用,人機操作進行異常排除,,
,,,AMHS,3418,E84交握狀態確認,確認OHT與機台交握狀態,,
,,,AMHS,3418,廠商PC程式,執行下料/刪帳/命令確認動作,,
,,,AMHS,3460,人機介面使用,人機操作進行異常排除,,
,,,AMHS,3460,E84交握狀態確認,確認OHT與機台交握狀態,,
,,,AMHS,3460,廠商PC程式,執行下料/刪帳/命令確認動作,,
,,,AMHS,3470,E84交握狀態確認,確認OHT與機台交握狀態,,
,,,AMHS,3599,人機介面使用,人機操作進行異常排除,,
,,,AMHS,3599,E84交握狀態確認,確認OHT與機台交握狀態,,
,,,AMHS,3599,廠商PC程式,執行下料/刪帳/命令確認動作,,
,,,AMHS,3601,E84交握狀態確認,確認OHT與機台交握狀態,,
,,,AMHS,3610,人機介面使用,人機操作進行異常排除,,
,,,AMHS,3610,E84交握狀態確認,確認OHT與機台交握狀態,,
,,,AMHS,3610,廠商PC程式,執行下料/刪帳/命令確認動作,,
,,,AMHS,4311,人機介面使用,人機操作進行異常排除,,
,,,AMHS,4311,E84交握狀態確認,確認OHT與機台交握狀態,,
,,,AMHS,4311,ASE PC程式,執行下料/刪帳/命令確認動作,,
,,,AMHS,4505,E84交握狀態確認,確認OHT與機台交握狀態,,
,,,中控系統,CIM報案系統,,處理產線報案(關閉比對/ 過帳異常 / Automation設定(機台容量/變更Bin code…),,
,,,中控系統,報案系統分析網頁,,彙整每周報案系統案件分析落點,,
,,,中控系統,GoTouch,,檢視異常報案與搬運逾時,,
,,,中控系統,EAP健康度,,檢視各區EAP連線狀態 / 預警網路區域(網段)連線狀況,,
,,,中控系統,中控室系統,,檢視站點每小時產出 / 檢視WIP水量 / 即時異常呈現 ,,
,,,中控系統,自動搬運系統 Alarm 事件查詢系統,,異常呈現與資料分析 /  併入MFG-Go呈現即時異常推撥,,
,,,中控系統,困難點會議,,跨部門技術支援需求,,
,,,中控系統,CIM Leading Index,,分析異常趨勢狀態,,
,,,中控系統,MFG巡檢,,執行設備巡檢,,