{
  "headers": [
    {
      "zh": "編輯/刪除",
      "en": "",
      "full": "編輯/刪除"
    },
    {
      "zh": "RT項目",
      "en": "RT Item",
      "full": "RT項目RT Item"
    },
    {
      "zh": "PO號碼",
      "en": "PO No",
      "full": "PO號碼PO No"
    },
    {
      "zh": "PO項目",
      "en": "PO Item",
      "full": "PO項目PO Item"
    },
    {
      "zh": "品名",
      "en": "Description",
      "full": "品名Description"
    },
    {
      "zh": "收貨數量",
      "en": "QTY",
      "full": "收貨數量QTY"
    },
    {
      "zh": "允收數量",
      "en": "Accept QTY",
      "full": "允收數量Accept QTY"
    },
    {
      "zh": "拒收數量",
      "en": "Reject QTY",
      "full": "拒收數量Reject QTY"
    },
    {
      "zh": "單位",
      "en": "Unit",
      "full": "單位Unit"
    },
    {
      "zh": "總金額(NT$)",
      "en": "Amount",
      "full": "總金額(NT$)Amount"
    },
    {
      "zh": "幣別",
      "en": "Currency",
      "full": "幣別Currency"
    },
    {
      "zh": "原幣金額",
      "en": "Original Amount",
      "full": "原幣金額Original Amount"
    },
    {
      "zh": "成本中心",
      "en": "Cost Center",
      "full": "成本中心Cost Center"
    },
    {
      "zh": "急件",
      "en": "Urgent",
      "full": "急件Urgent"
    },
    {
      "zh": "訂單狀態",
      "en": "Condition",
      "full": "訂單狀態Condition"
    },
    {
      "zh": "取件者",
      "en": "Pick up",
      "full": "取件者Pick up"
    },
    {
      "zh": "科目指派",
      "en": "Fin acct.",
      "full": "科目指派Fin acct."
    },
    {
      "zh": "資產類別",
      "en": "Asset type",
      "full": "資產類別Asset type"
    },
    {
      "zh": "L/C",
      "en": "L/C",
      "full": "L/CL/C"
    },
    {
      "zh": "付款條件",
      "en": "Payment term",
      "full": "付款條件Payment term"
    },
    {
      "zh": "LOT號碼",
      "en": "LOT NO.",
      "full": "LOT號碼LOT NO."
    },
    {
      "zh": "舊料號",
      "en": "Old Part number",
      "full": "舊料號Old Part number"
    },
    {
      "zh": "採購",
      "en": "Buyer",
      "full": "採購Buyer"
    },
    {
      "zh": "料號",
      "en": "Part Number",
      "full": "料號Part Number"
    },
    {
      "zh": "批次號碼",
      "en": "Batch No.",
      "full": "批次號碼Batch No."
    },
    {
      "zh": "檢驗批號",
      "en": "Inspection No",
      "full": "檢驗批號Inspection No"
    },
    {
      "zh": "Parts狀態",
      "en": "Parts Status",
      "full": "Parts狀態Parts Status"
    },
    {
      "zh": "圖號",
      "en": "Drawing number",
      "full": "圖號Drawing number"
    },
    {
      "zh": "物料類型",
      "en": "Type of material",
      "full": "物料類型Type of material"
    },
    {
      "zh": "取消",
      "en": "Cancel Flag",
      "full": "取消Cancel Flag"
    },
    {
      "zh": "備註",
      "en": "Remark",
      "full": "備註Remark"
    },
    {
      "zh": "出貨單號",
      "en": "eShipping No",
      "full": "出貨單號eShipping No"
    },
    {
      "zh": "附件類別",
      "en": "Attachment",
      "full": "附件類別Attachment"
    },
    {
      "zh": "試機訂單",
      "en": "Demo PO號",
      "full": "試機訂單Demo PO號"
    }
  ],
  "rows": [
    {
      "raw_data": [
        {
          "value": "",
          "inputs": [
            {
              "type": "image",
              "name": "ctl00$ContentPlaceHolder1$GridView2$ctl02$IB_edit",
              "id": "ContentPlaceHolder1_GridView2_IB_edit_0",
              "title": "編輯",
              "src": "https://khwfap.kh.asegroup.com/eRT/img/Edit.png",
              "button_type": "edit"
            },
            {
              "type": "image",
              "name": "ctl00$ContentPlaceHolder1$GridView2$ctl02$IB_del",
              "id": "ContentPlaceHolder1_GridView2_IB_del_0",
              "title": "刪除",
              "src": "https://khwfap.kh.asegroup.com/eRT/img/Delete.png",
              "button_type": "delete"
            }
          ],
          "spans": []
        },
        {
          "value": "0001",
          "inputs": [],
          "spans": [
            {
              "id": "ContentPlaceHolder1_GridView2_Litem_0",
              "class": [
                "cTR_ITEM"
              ],
              "text": "0001"
            }
          ]
        },
        {
          "value": "6100808694",
          "inputs": [],
          "spans": [
            {
              "id": "ContentPlaceHolder1_GridView2_Lpo_0",
              "class": [],
              "text": "6100808694"
            }
          ]
        },
        {
          "value": "00010",
          "inputs": [],
          "spans": [
            {
              "id": "ContentPlaceHolder1_GridView2_Lpoitem_0",
              "class": [],
              "text": "00010"
            }
          ]
        },
        {
          "value": "CWMDM 資安軟體",
          "inputs": [],
          "spans": [
            {
              "id": "ContentPlaceHolder1_GridView2_Lmtrl_0",
              "class": [],
              "text": "CWMDM 資安軟體"
            }
          ]
        },
        {
          "value": "15",
          "inputs": [],
          "spans": [
            {
              "id": "ContentPlaceHolder1_GridView2_Ltrqty_0",
              "class": [],
              "text": "15"
            }
          ]
        },
        {
          "value": "15",
          "inputs": [],
          "spans": [
            {
              "id": "ContentPlaceHolder1_GridView2_Laccqty_0",
              "class": [],
              "text": "15"
            }
          ]
        },
        {
          "value": "",
          "inputs": [],
          "spans": [
            {
              "id": "ContentPlaceHolder1_GridView2_Lrejqty_0",
              "class": [],
              "text": ""
            }
          ]
        },
        {
          "value": "SET",
          "inputs": [],
          "spans": [
            {
              "id": "ContentPlaceHolder1_GridView2_Luom_0",
              "class": [],
              "text": "SET"
            }
          ]
        },
        {
          "value": "21,150",
          "inputs": [],
          "spans": [
            {
              "id": "ContentPlaceHolder1_GridView2_Ltotalamt_0",
              "class": [],
              "text": "21,150"
            }
          ]
        },
        {
          "value": "TWD",
          "inputs": [],
          "spans": [
            {
              "id": "ContentPlaceHolder1_GridView2_Lcurr_0",
              "class": [],
              "text": "TWD"
            }
          ]
        },
        {
          "value": "21,150",
          "inputs": [],
          "spans": [
            {
              "id": "ContentPlaceHolder1_GridView2_Lcurramt_0",
              "class": [],
              "text": "21,150"
            }
          ]
        },
        {
          "value": "1FT013000",
          "inputs": [],
          "spans": [
            {
              "id": "ContentPlaceHolder1_GridView2_Lcctr_0",
              "class": [],
              "text": "1FT013000"
            }
          ]
        },
        {
          "value": "Y",
          "inputs": [],
          "spans": [
            {
              "id": "ContentPlaceHolder1_GridView2_Lflag_0",
              "class": [],
              "text": "Y"
            }
          ]
        },
        {
          "value": "OPEN",
          "inputs": [],
          "spans": [
            {
              "id": "ContentPlaceHolder1_GridView2_Lstatus_0",
              "class": [],
              "text": "OPEN"
            }
          ]
        },
        {
          "value": "王柏翰/14547",
          "inputs": [],
          "spans": [
            {
              "id": "ContentPlaceHolder1_GridView2_Ltext_0",
              "class": [],
              "text": "王柏翰/14547"
            }
          ]
        },
        {
          "value": "K",
          "inputs": [],
          "spans": [
            {
              "id": "ContentPlaceHolder1_GridView2_Lassign_0",
              "class": [],
              "text": "K"
            },
            {
              "id": "ContentPlaceHolder1_GridView2_Ldesc_0",
              "class": [],
              "text": "費用"
            }
          ]
        },
        {
          "value": "",
          "inputs": [],
          "spans": [
            {
              "id": "ContentPlaceHolder1_GridView2_Lasset_class_0",
              "class": [],
              "text": ""
            }
          ]
        },
        {
          "value": "",
          "inputs": [],
          "spans": [
            {
              "id": "ContentPlaceHolder1_GridView2_Llc_0",
              "class": [],
              "text": ""
            }
          ]
        },
        {
          "value": "進項-三聯式 電子計算機統一發票-應稅",
          "inputs": [],
          "spans": [
            {
              "id": "ContentPlaceHolder1_GridView2_Ltax_0",
              "class": [],
              "text": "進項-三聯式 電子計算機統一發票-應稅"
            },
            {
              "id": "ContentPlaceHolder1_GridView2_Lterm_0",
              "class": [],
              "text": "M301"
            }
          ]
        },
        {
          "value": "",
          "inputs": [],
          "spans": [
            {
              "id": "ContentPlaceHolder1_GridView2_Llotno_0",
              "class": [],
              "text": ""
            }
          ]
        },
        {
          "value": "",
          "inputs": [],
          "spans": [
            {
              "id": "ContentPlaceHolder1_GridView2_Loldmrtl_0",
              "class": [],
              "text": ""
            }
          ]
        },
        {
          "value": "M21",
          "inputs": [],
          "spans": [
            {
              "id": "ContentPlaceHolder1_GridView2_Lbuyer_0",
              "class": [],
              "text": "M21"
            }
          ]
        },
        {
          "value": "",
          "inputs": [],
          "spans": [
            {
              "id": "ContentPlaceHolder1_GridView2_Lmtrlno_0",
              "class": [],
              "text": ""
            }
          ]
        },
        {
          "value": "",
          "inputs": [],
          "spans": [
            {
              "id": "ContentPlaceHolder1_GridView2_Lrtno_0",
              "class": [],
              "text": ""
            }
          ]
        },
        {
          "value": "",
          "inputs": [],
          "spans": [
            {
              "id": "ContentPlaceHolder1_GridView2_Linsp_0",
              "class": [],
              "text": ""
            }
          ]
        },
        {
          "value": "",
          "inputs": [],
          "spans": [
            {
              "id": "ContentPlaceHolder1_GridView2_Lpart_0",
              "class": [],
              "text": ""
            }
          ]
        },
        {
          "value": "",
          "inputs": [],
          "spans": [
            {
              "id": "ContentPlaceHolder1_GridView2_Ldwg_0",
              "class": [],
              "text": ""
            }
          ]
        },
        {
          "value": "",
          "inputs": [],
          "spans": [
            {
              "id": "ContentPlaceHolder1_GridView2_Lmtrltype_0",
              "class": [],
              "text": ""
            }
          ]
        },
        {
          "value": "",
          "inputs": [],
          "spans": [
            {
              "id": "ContentPlaceHolder1_GridView2_Lcancel_0",
              "class": [],
              "text": ""
            }
          ]
        },
        {
          "value": "",
          "inputs": [],
          "spans": [
            {
              "id": "ContentPlaceHolder1_GridView2_Lremark_0",
              "class": [],
              "text": ""
            }
          ]
        },
        {
          "value": "",
          "inputs": [],
          "spans": [
            {
              "id": "ContentPlaceHolder1_GridView2_Lshipping_0",
              "class": [],
              "text": ""
            }
          ]
        },
        {
          "value": "",
          "inputs": [],
          "spans": [
            {
              "id": "ContentPlaceHolder1_GridView2_Lattfile_0",
              "class": [],
              "text": ""
            }
          ]
        },
        {
          "value": "",
          "inputs": [],
          "spans": [
            {
              "id": "ContentPlaceHolder1_GridView2_Ldemopo_0",
              "class": [],
              "text": ""
            }
          ]
        }
      ],
      "structured_data": {
        "field_0": "",
        "rt_item": "0001",
        "po_no": "6100808694",
        "po_item": "00010",
        "description": "CWMDM 資安軟體",
        "qty": "15",
        "accept_qty": "15",
        "reject_qty": "",
        "unit": "SET",
        "amount": "21,150",
        "currency": "TWD",
        "original_amount": "21,150",
        "cost_center": "1FT013000",
        "urgent": "Y",
        "condition": "OPEN",
        "pick_up": "王柏翰/14547",
        "fin_acct_": "K",
        "asset_type": "",
        "l_c": "",
        "payment_term": "進項-三聯式 電子計算機統一發票-應稅",
        "lot_no_": "",
        "old_part_number": "",
        "buyer": "M21",
        "part_number": "",
        "batch_no_": "",
        "inspection_no": "",
        "parts_status": "",
        "drawing_number": "",
        "type_of_material": "",
        "cancel_flag": "",
        "remark": "",
        "eshipping_no": "",
        "attachment": "",
        "demo_po_": ""
      }
    }
  ],
  "statistics": {
    "total_columns": 34,
    "total_rows": 1,
    "has_data": true
  },
  "summary": {
    "po_no": [
      "6100808694"
    ],
    "description": [
      "CWMDM 資安軟體"
    ],
    "qty": [
      "15"
    ],
    "amount": [
      "21,150"
    ]
  }
}